date,venue,candidate,market,volume,liquidity
2026-09-24,polymarket,Marine Le Pen,win,2686474,467105
2026-09-24,polymarket,Marine Le Pen,qual,12513,20933
2026-09-24,polymarket,Jordan Bardella,win,2242226,173695
2026-09-24,polymarket,Jordan Bardella,qual,22817,16179
2026-09-24,polymarket,Éric Zemmour,win,2519452,242187
2026-09-24,polymarket,Éric Zemmour,qual,695,18014
2026-09-24,polymarket,Édouard Philippe,win,1704361,227009
2026-09-24,polymarket,Édouard Philippe,qual,2648,5522
2026-09-24,polymarket,David Lisnard,win,2430501,226372
2026-09-24,polymarket,David Lisnard,qual,55024,95974
2026-09-24,polymarket,Laurent Wauquiez,win,3684663,592321
2026-09-24,polymarket,Laurent Wauquiez,qual,758,13036
2026-09-24,polymarket,Gabriel Attal,win,2388129,222510
2026-09-24,polymarket,Gabriel Attal,qual,2899,28985
2026-09-24,polymarket,Bruno Retailleau,win,2351982,281493
2026-09-24,polymarket,Bruno Retailleau,qual,2246,14704
2026-09-24,polymarket,François Hollande,win,1975187,148516
2026-09-24,polymarket,François Hollande,qual,12269,39038
2026-09-24,polymarket,Raphaël Glucksmann,win,1857908,242436
2026-09-24,polymarket,Raphaël Glucksmann,qual,5042,26522
2026-09-24,polymarket,Jean-Luc Mélenchon,win,1607546,256090
2026-09-24,polymarket,Jean-Luc Mélenchon,qual,10920,6113
2026-09-24,polymarket,Marine Tondelier,win,4224833,669722
2026-09-24,polymarket,Marine Tondelier,qual,3022,14015
2026-09-24,polymarket,Fabien Roussel,win,4244293,528304
2026-09-24,polymarket,Fabien Roussel,qual,6265,15657
2026-09-24,polymarket,Olivier Faure,win,5990006,273881
2026-09-24,polymarket,Olivier Faure,qual,936,16779
2026-09-24,polymarket,Dominique de Villepin,win,1993857,209964
2026-09-24,polymarket,Dominique de Villepin,qual,1463,17634
2026-09-24,polymarket,Nicolas Dupont-Aignan,win,4741077,636227
2026-09-24,polymarket,Nicolas Dupont-Aignan,qual,799,18066
2026-09-24,polymarket,Sarah Knafo,win,2176656,252674
2026-09-24,polymarket,Sarah Knafo,qual,4781,26091
2026-09-24,polymarket,Sébastien Lecornu,win,1777257,220076
2026-09-24,polymarket,Sébastien Lecornu,qual,1557,15872
2026-09-24,kalshi,François Hollande,win,36795,25386
2026-09-24,kalshi,Sarah Knafo,win,5091,2812
2026-09-24,kalshi,Sébastien Lecornu,win,2247,2196
2026-09-24,kalshi,Dominique de Villepin,win,8219,5016
2026-09-24,kalshi,Olivier Faure,win,102,102
2026-09-24,kalshi,Jean-Luc Mélenchon,win,23451,15607
2026-09-24,kalshi,Laurent Wauquiez,win,2,2
2026-09-24,kalshi,Gabriel Attal,win,18374,9252
2026-09-24,kalshi,David Lisnard,win,23035,11181
2026-09-24,kalshi,Bruno Retailleau,win,3855,3390
2026-09-24,kalshi,Marine Le Pen,win,105451,59554
2026-09-24,kalshi,Jordan Bardella,win,78619,26491
2026-09-24,kalshi,Éric Zemmour,win,3137,3136
2026-09-24,kalshi,Édouard Philippe,win,33437,12745
2026-09-24,kalshi,Raphaël Glucksmann,ballot,1920,1523
2026-09-24,kalshi,Olivier Faure,ballot,470,310
2026-09-24,kalshi,Nicolas Dupont-Aignan,ballot,103,88
2026-09-24,kalshi,Marine Tondelier,ballot,103,96
2026-09-24,kalshi,Marine Le Pen,ballot,60,37
2026-09-24,kalshi,Jean-Luc Mélenchon,ballot,6,6
2026-09-24,kalshi,Jordan Bardella,ballot,325,211
2026-09-24,kalshi,Gabriel Attal,ballot,4745,2783
2026-09-24,kalshi,Fabien Roussel,ballot,382,380
2026-09-24,kalshi,François Hollande,ballot,1643,1596
2026-09-24,kalshi,Éric Zemmour,ballot,4460,1340
2026-09-24,kalshi,Édouard Philippe,ballot,584,258
2026-09-24,kalshi,Dominique de Villepin,ballot,1735,1721
2026-09-24,kalshi,Bruno Retailleau,ballot,1364,590
2026-09-25,polymarket,Marine Le Pen,win,2689656,495135
2026-09-25,polymarket,Marine Le Pen,qual,12961,27424
2026-09-25,polymarket,Jordan Bardella,win,2252991,203318
2026-09-25,polymarket,Jordan Bardella,qual,22817,18186
2026-09-25,polymarket,Éric Zemmour,win,2526070,259000
2026-09-25,polymarket,Éric Zemmour,qual,695,21889
2026-09-25,polymarket,Édouard Philippe,win,1717992,279769
2026-09-25,polymarket,Édouard Philippe,qual,2648,6719
2026-09-25,polymarket,David Lisnard,win,2440566,272947
2026-09-25,polymarket,David Lisnard,qual,57818,126045
2026-09-25,polymarket,Laurent Wauquiez,win,3684663,594791
2026-09-25,polymarket,Laurent Wauquiez,qual,758,14271
2026-09-25,polymarket,Gabriel Attal,win,2416138,219989
2026-09-25,polymarket,Gabriel Attal,qual,2899,29962
2026-09-25,polymarket,Bruno Retailleau,win,2357709,303487
2026-09-25,polymarket,Bruno Retailleau,qual,2246,17198
2026-09-25,polymarket,François Hollande,win,2003651,162432
2026-09-25,polymarket,François Hollande,qual,12269,44949
2026-09-25,polymarket,Raphaël Glucksmann,win,1859408,264458
2026-09-25,polymarket,Raphaël Glucksmann,qual,5042,24323
2026-09-25,polymarket,Jean-Luc Mélenchon,win,1608386,325353
2026-09-25,polymarket,Jean-Luc Mélenchon,qual,10920,8722
2026-09-25,polymarket,Marine Tondelier,win,4238474,702494
2026-09-25,polymarket,Marine Tondelier,qual,3022,13823
2026-09-25,polymarket,Fabien Roussel,win,4244293,528681
2026-09-25,polymarket,Fabien Roussel,qual,6265,17509
2026-09-25,polymarket,Olivier Faure,win,6026620,313713
2026-09-25,polymarket,Olivier Faure,qual,936,20811
2026-09-25,polymarket,Dominique de Villepin,win,1996273,228155
2026-09-25,polymarket,Dominique de Villepin,qual,1463,17686
2026-09-25,polymarket,Nicolas Dupont-Aignan,win,4741077,641494
2026-09-25,polymarket,Nicolas Dupont-Aignan,qual,799,21014
2026-09-25,polymarket,Sarah Knafo,win,2196323,252382
2026-09-25,polymarket,Sarah Knafo,qual,4781,26580
2026-09-25,polymarket,Sébastien Lecornu,win,1780215,242631
2026-09-25,polymarket,Sébastien Lecornu,qual,1557,17895
2026-09-25,kalshi,François Hollande,win,37076,25660
2026-09-25,kalshi,Sarah Knafo,win,5200,2850
2026-09-25,kalshi,Sébastien Lecornu,win,2247,2196
2026-09-25,kalshi,Dominique de Villepin,win,8219,5016
2026-09-25,kalshi,Olivier Faure,win,102,102
2026-09-25,kalshi,Jean-Luc Mélenchon,win,23451,15607
2026-09-25,kalshi,Laurent Wauquiez,win,2,2
2026-09-25,kalshi,Gabriel Attal,win,18574,9252
2026-09-25,kalshi,David Lisnard,win,23035,11181
2026-09-25,kalshi,Bruno Retailleau,win,4547,4021
2026-09-25,kalshi,Marine Le Pen,win,105452,59553
2026-09-25,kalshi,Jordan Bardella,win,78621,26489
2026-09-25,kalshi,Éric Zemmour,win,3137,3136
2026-09-25,kalshi,Édouard Philippe,win,33437,12745
2026-09-25,kalshi,Raphaël Glucksmann,ballot,1920,1523
2026-09-25,kalshi,Olivier Faure,ballot,470,310
2026-09-25,kalshi,Nicolas Dupont-Aignan,ballot,103,88
2026-09-25,kalshi,Marine Tondelier,ballot,103,96
2026-09-25,kalshi,Marine Le Pen,ballot,60,37
2026-09-25,kalshi,Jean-Luc Mélenchon,ballot,6,6
2026-09-25,kalshi,Jordan Bardella,ballot,325,211
2026-09-25,kalshi,Gabriel Attal,ballot,4745,2783
2026-09-25,kalshi,Fabien Roussel,ballot,382,380
2026-09-25,kalshi,François Hollande,ballot,1727,1680
2026-09-25,kalshi,Éric Zemmour,ballot,4466,1333
2026-09-25,kalshi,Édouard Philippe,ballot,584,258
2026-09-25,kalshi,Dominique de Villepin,ballot,1735,1721
2026-09-25,kalshi,Bruno Retailleau,ballot,1364,590
2026-09-26,polymarket,Marine Le Pen,win,2695757,495339
2026-09-26,polymarket,Marine Le Pen,qual,13012,32854
2026-09-26,polymarket,Jordan Bardella,win,2255698,200743
2026-09-26,polymarket,Jordan Bardella,qual,22839,21047
2026-09-26,polymarket,Éric Zemmour,win,2528675,268976
2026-09-26,polymarket,Éric Zemmour,qual,695,23498
2026-09-26,polymarket,Édouard Philippe,win,1719671,272018
2026-09-26,polymarket,Édouard Philippe,qual,2648,7466
2026-09-26,polymarket,David Lisnard,win,2469833,276102
2026-09-26,polymarket,David Lisnard,qual,60669,146296
2026-09-26,polymarket,Laurent Wauquiez,win,3684663,594726
2026-09-26,polymarket,Laurent Wauquiez,qual,758,16252
2026-09-26,polymarket,Gabriel Attal,win,2419978,226264
2026-09-26,polymarket,Gabriel Attal,qual,2899,32495
2026-09-26,polymarket,Bruno Retailleau,win,2374071,273484
2026-09-26,polymarket,Bruno Retailleau,qual,2246,19205
2026-09-26,polymarket,François Hollande,win,2023391,164268
2026-09-26,polymarket,François Hollande,qual,12269,49396
2026-09-26,polymarket,Raphaël Glucksmann,win,1862008,265862
2026-09-26,polymarket,Raphaël Glucksmann,qual,5056,29108
2026-09-26,polymarket,Jean-Luc Mélenchon,win,1623372,337976
2026-09-26,polymarket,Jean-Luc Mélenchon,qual,13113,47667
2026-09-26,polymarket,Marine Tondelier,win,4239596,669034
2026-09-26,polymarket,Marine Tondelier,qual,3022,15746
2026-09-26,polymarket,Fabien Roussel,win,4244293,529322
2026-09-26,polymarket,Fabien Roussel,qual,6265,19501
2026-09-26,polymarket,Olivier Faure,win,6041726,301258
2026-09-26,polymarket,Olivier Faure,qual,936,22702
2026-09-26,polymarket,Dominique de Villepin,win,2025432,248163
2026-09-26,polymarket,Dominique de Villepin,qual,1463,20641
2026-09-26,polymarket,Nicolas Dupont-Aignan,win,4741077,639029
2026-09-26,polymarket,Nicolas Dupont-Aignan,qual,799,23121
2026-09-26,polymarket,Sarah Knafo,win,2198977,257660
2026-09-26,polymarket,Sarah Knafo,qual,4781,31154
2026-09-26,polymarket,Sébastien Lecornu,win,1812779,215040
2026-09-26,polymarket,Sébastien Lecornu,qual,1973,19901
2026-09-26,kalshi,François Hollande,win,37127,25656
2026-09-26,kalshi,Sarah Knafo,win,5200,2850
2026-09-26,kalshi,Sébastien Lecornu,win,2247,2196
2026-09-26,kalshi,Dominique de Villepin,win,8975,5612
2026-09-26,kalshi,Olivier Faure,win,102,102
2026-09-26,kalshi,Jean-Luc Mélenchon,win,24432,16332
2026-09-26,kalshi,Laurent Wauquiez,win,2,2
2026-09-26,kalshi,Gabriel Attal,win,18574,9252
2026-09-26,kalshi,David Lisnard,win,23035,11181
2026-09-26,kalshi,Bruno Retailleau,win,4547,4021
2026-09-26,kalshi,Marine Le Pen,win,105608,59706
2026-09-26,kalshi,Jordan Bardella,win,78621,26489
2026-09-26,kalshi,Éric Zemmour,win,3137,3136
2026-09-26,kalshi,Édouard Philippe,win,34306,13565
2026-09-26,kalshi,Raphaël Glucksmann,ballot,1920,1523
2026-09-26,kalshi,Olivier Faure,ballot,470,310
2026-09-26,kalshi,Nicolas Dupont-Aignan,ballot,103,88
2026-09-26,kalshi,Marine Tondelier,ballot,103,96
2026-09-26,kalshi,Marine Le Pen,ballot,60,37
2026-09-26,kalshi,Jean-Luc Mélenchon,ballot,6,6
2026-09-26,kalshi,Jordan Bardella,ballot,325,211
2026-09-26,kalshi,Gabriel Attal,ballot,4745,2783
2026-09-26,kalshi,Fabien Roussel,ballot,382,380
2026-09-26,kalshi,François Hollande,ballot,1727,1680
2026-09-26,kalshi,Éric Zemmour,ballot,4466,1333
2026-09-26,kalshi,Édouard Philippe,ballot,594,248
2026-09-26,kalshi,Dominique de Villepin,ballot,1735,1721
2026-09-26,kalshi,Bruno Retailleau,ballot,1543,769
2026-09-27,polymarket,Marine Le Pen,win,2701582,495640
2026-09-27,polymarket,Marine Le Pen,qual,13024,30971
2026-09-27,polymarket,Jordan Bardella,win,2257802,202619
2026-09-27,polymarket,Jordan Bardella,qual,22839,19492
2026-09-27,polymarket,Éric Zemmour,win,2528866,233417
2026-09-27,polymarket,Éric Zemmour,qual,695,23573
2026-09-27,polymarket,Édouard Philippe,win,1732784,337492
2026-09-27,polymarket,Édouard Philippe,qual,2659,5885
2026-09-27,polymarket,David Lisnard,win,2508253,233506
2026-09-27,polymarket,David Lisnard,qual,70173,120590
2026-09-27,polymarket,Laurent Wauquiez,win,3684663,596313
2026-09-27,polymarket,Laurent Wauquiez,qual,758,16250
2026-09-27,polymarket,Gabriel Attal,win,2454937,246367
2026-09-27,polymarket,Gabriel Attal,qual,2899,28228
2026-09-27,polymarket,Bruno Retailleau,win,2376805,267069
2026-09-27,polymarket,Bruno Retailleau,qual,2246,18286
2026-09-27,polymarket,François Hollande,win,2026877,153907
2026-09-27,polymarket,François Hollande,qual,12269,42881
2026-09-27,polymarket,Raphaël Glucksmann,win,1876700,268591
2026-09-27,polymarket,Raphaël Glucksmann,qual,5056,28929
2026-09-27,polymarket,Jean-Luc Mélenchon,win,1632453,303583
2026-09-27,polymarket,Jean-Luc Mélenchon,qual,13348,24703
2026-09-27,polymarket,Marine Tondelier,win,4241790,715769
2026-09-27,polymarket,Marine Tondelier,qual,3022,15374
2026-09-27,polymarket,Fabien Roussel,win,4244293,530148
2026-09-27,polymarket,Fabien Roussel,qual,6265,18768
2026-09-27,polymarket,Olivier Faure,win,6043150,286099
2026-09-27,polymarket,Olivier Faure,qual,936,22212
2026-09-27,polymarket,Dominique de Villepin,win,2069226,248060
2026-09-27,polymarket,Dominique de Villepin,qual,1463,19469
2026-09-27,polymarket,Nicolas Dupont-Aignan,win,4741077,643408
2026-09-27,polymarket,Nicolas Dupont-Aignan,qual,799,22447
2026-09-27,polymarket,Sarah Knafo,win,2199493,233486
2026-09-27,polymarket,Sarah Knafo,qual,4781,19300
2026-09-27,polymarket,Sébastien Lecornu,win,1813386,211764
2026-09-27,polymarket,Sébastien Lecornu,qual,1973,22843
2026-09-27,kalshi,François Hollande,win,37127,25656
2026-09-27,kalshi,Sarah Knafo,win,5200,2850
2026-09-27,kalshi,Sébastien Lecornu,win,2247,2196
2026-09-27,kalshi,Dominique de Villepin,win,8975,5612
2026-09-27,kalshi,Olivier Faure,win,102,102
2026-09-27,kalshi,Jean-Luc Mélenchon,win,25384,16414
2026-09-27,kalshi,Laurent Wauquiez,win,2,2
2026-09-27,kalshi,Gabriel Attal,win,18574,9252
2026-09-27,kalshi,David Lisnard,win,27497,14571
2026-09-27,kalshi,Bruno Retailleau,win,4547,4021
2026-09-27,kalshi,Marine Le Pen,win,105874,59949
2026-09-27,kalshi,Jordan Bardella,win,78621,26489
2026-09-27,kalshi,Éric Zemmour,win,3137,3136
2026-09-27,kalshi,Édouard Philippe,win,34531,13340
2026-09-27,kalshi,Raphaël Glucksmann,ballot,1920,1523
2026-09-27,kalshi,Olivier Faure,ballot,470,310
2026-09-27,kalshi,Nicolas Dupont-Aignan,ballot,108,88
2026-09-27,kalshi,Marine Tondelier,ballot,103,96
2026-09-27,kalshi,Marine Le Pen,ballot,60,37
2026-09-27,kalshi,Jean-Luc Mélenchon,ballot,6,6
2026-09-27,kalshi,Jordan Bardella,ballot,325,211
2026-09-27,kalshi,Gabriel Attal,ballot,4745,2783
2026-09-27,kalshi,Fabien Roussel,ballot,382,380
2026-09-27,kalshi,François Hollande,ballot,1732,1685
2026-09-27,kalshi,Éric Zemmour,ballot,4466,1333
2026-09-27,kalshi,Édouard Philippe,ballot,594,248
2026-09-27,kalshi,Dominique de Villepin,ballot,1735,1721
2026-09-27,kalshi,Bruno Retailleau,ballot,1543,769
2026-09-28,polymarket,Marine Le Pen,win,2729972,378588
2026-09-28,polymarket,Marine Le Pen,qual,13024,18113
2026-09-28,polymarket,Jordan Bardella,win,2261928,152667
2026-09-28,polymarket,Jordan Bardella,qual,22839,13365
2026-09-28,polymarket,Éric Zemmour,win,2532709,222553
2026-09-28,polymarket,Éric Zemmour,qual,731,15213
2026-09-28,polymarket,Édouard Philippe,win,1748536,290319
2026-09-28,polymarket,Édouard Philippe,qual,2729,2932
2026-09-28,polymarket,David Lisnard,win,2553853,195581
2026-09-28,polymarket,David Lisnard,qual,71010,59754
2026-09-28,polymarket,Laurent Wauquiez,win,3684663,578183
2026-09-28,polymarket,Laurent Wauquiez,qual,758,11503
2026-09-28,polymarket,Gabriel Attal,win,2460878,197594
2026-09-28,polymarket,Gabriel Attal,qual,2899,13652
2026-09-28,polymarket,Bruno Retailleau,win,2380540,235805
2026-09-28,polymarket,Bruno Retailleau,qual,2246,12016
2026-09-28,polymarket,François Hollande,win,2035523,139588
2026-09-28,polymarket,François Hollande,qual,12269,21953
2026-09-28,polymarket,Raphaël Glucksmann,win,1884256,237842
2026-09-28,polymarket,Raphaël Glucksmann,qual,5056,16915
2026-09-28,polymarket,Jean-Luc Mélenchon,win,1644971,275332
2026-09-28,polymarket,Jean-Luc Mélenchon,qual,13954,21176
2026-09-28,polymarket,Marine Tondelier,win,4246280,686086
2026-09-28,polymarket,Marine Tondelier,qual,3022,11066
2026-09-28,polymarket,Fabien Roussel,win,4244293,517893
2026-09-28,polymarket,Fabien Roussel,qual,6265,12573
2026-09-28,polymarket,Olivier Faure,win,6074072,300792
2026-09-28,polymarket,Olivier Faure,qual,936,13804
2026-09-28,polymarket,Dominique de Villepin,win,2074853,212664
2026-09-28,polymarket,Dominique de Villepin,qual,1463,12951
2026-09-28,polymarket,Nicolas Dupont-Aignan,win,4852077,521035
2026-09-28,polymarket,Nicolas Dupont-Aignan,qual,1631,15801
2026-09-28,polymarket,Sarah Knafo,win,2199550,217693
2026-09-28,polymarket,Sarah Knafo,qual,4781,12501
2026-09-28,polymarket,Sébastien Lecornu,win,1816470,181403
2026-09-28,polymarket,Sébastien Lecornu,qual,1973,17407
2026-09-28,kalshi,François Hollande,win,37632,26156
2026-09-28,kalshi,Sarah Knafo,win,5200,2850
2026-09-28,kalshi,Sébastien Lecornu,win,2247,2196
2026-09-28,kalshi,Dominique de Villepin,win,8975,5612
2026-09-28,kalshi,Olivier Faure,win,102,102
2026-09-28,kalshi,Jean-Luc Mélenchon,win,26066,16775
2026-09-28,kalshi,Laurent Wauquiez,win,2,2
2026-09-28,kalshi,Gabriel Attal,win,18574,9252
2026-09-28,kalshi,David Lisnard,win,27497,14571
2026-09-28,kalshi,Bruno Retailleau,win,4547,4021
2026-09-28,kalshi,Marine Le Pen,win,105874,59949
2026-09-28,kalshi,Jordan Bardella,win,78645,26513
2026-09-28,kalshi,Éric Zemmour,win,3137,3136
2026-09-28,kalshi,Édouard Philippe,win,34536,13340
2026-09-28,kalshi,Raphaël Glucksmann,ballot,1920,1523
2026-09-28,kalshi,Olivier Faure,ballot,470,310
2026-09-28,kalshi,Nicolas Dupont-Aignan,ballot,108,88
2026-09-28,kalshi,Marine Tondelier,ballot,103,96
2026-09-28,kalshi,Marine Le Pen,ballot,60,37
2026-09-28,kalshi,Jean-Luc Mélenchon,ballot,6,6
2026-09-28,kalshi,Jordan Bardella,ballot,325,211
2026-09-28,kalshi,Gabriel Attal,ballot,4945,2783
2026-09-28,kalshi,Fabien Roussel,ballot,382,380
2026-09-28,kalshi,François Hollande,ballot,2077,2030
2026-09-28,kalshi,Éric Zemmour,ballot,4466,1333
2026-09-28,kalshi,Édouard Philippe,ballot,594,248
2026-09-28,kalshi,Dominique de Villepin,ballot,1735,1721
2026-09-28,kalshi,Bruno Retailleau,ballot,1691,917
2026-09-29,polymarket,Marine Le Pen,win,2756638,440288
2026-09-29,polymarket,Marine Le Pen,qual,14434,24266
2026-09-29,polymarket,Jordan Bardella,win,2295348,176218
2026-09-29,polymarket,Jordan Bardella,qual,22839,15677
2026-09-29,polymarket,Éric Zemmour,win,2554927,243420
2026-09-29,polymarket,Éric Zemmour,qual,731,17649
2026-09-29,polymarket,Édouard Philippe,win,1791973,276507
2026-09-29,polymarket,Édouard Philippe,qual,3409,29430
2026-09-29,polymarket,David Lisnard,win,2579935,338268
2026-09-29,polymarket,David Lisnard,qual,71450,50789
2026-09-29,polymarket,Laurent Wauquiez,win,3684663,580360
2026-09-29,polymarket,Laurent Wauquiez,qual,758,13767
2026-09-29,polymarket,Gabriel Attal,win,2485763,232561
2026-09-29,polymarket,Gabriel Attal,qual,2899,15889
2026-09-29,polymarket,Bruno Retailleau,win,2414589,263323
2026-09-29,polymarket,Bruno Retailleau,qual,2246,14225
2026-09-29,polymarket,François Hollande,win,2063965,148373
2026-09-29,polymarket,François Hollande,qual,12377,22319
2026-09-29,polymarket,Raphaël Glucksmann,win,1901793,252861
2026-09-29,polymarket,Raphaël Glucksmann,qual,5056,14777
2026-09-29,polymarket,Jean-Luc Mélenchon,win,1714409,355282
2026-09-29,polymarket,Jean-Luc Mélenchon,qual,14902,30066
2026-09-29,polymarket,Marine Tondelier,win,4268578,703540
2026-09-29,polymarket,Marine Tondelier,qual,3023,13441
2026-09-29,polymarket,Fabien Roussel,win,4244293,521004
2026-09-29,polymarket,Fabien Roussel,qual,6265,14816
2026-09-29,polymarket,Olivier Faure,win,6103746,274149
2026-09-29,polymarket,Olivier Faure,qual,936,16192
2026-09-29,polymarket,Dominique de Villepin,win,2092031,224045
2026-09-29,polymarket,Dominique de Villepin,qual,1463,15589
2026-09-29,polymarket,Nicolas Dupont-Aignan,win,4852077,512595
2026-09-29,polymarket,Nicolas Dupont-Aignan,qual,1681,19024
2026-09-29,polymarket,Sarah Knafo,win,2213787,236203
2026-09-29,polymarket,Sarah Knafo,qual,4781,14150
2026-09-29,polymarket,Sébastien Lecornu,win,1837923,209167
2026-09-29,polymarket,Sébastien Lecornu,qual,1973,15133
2026-09-29,kalshi,François Hollande,win,37632,26156
2026-09-29,kalshi,Sarah Knafo,win,5200,2850
2026-09-29,kalshi,Sébastien Lecornu,win,2247,2196
2026-09-29,kalshi,Dominique de Villepin,win,8975,5612
2026-09-29,kalshi,Olivier Faure,win,102,102
2026-09-29,kalshi,Jean-Luc Mélenchon,win,26069,16775
2026-09-29,kalshi,Laurent Wauquiez,win,2,2
2026-09-29,kalshi,Gabriel Attal,win,18574,9252
2026-09-29,kalshi,David Lisnard,win,27497,14571
2026-09-29,kalshi,Bruno Retailleau,win,5253,4554
2026-09-29,kalshi,Marine Le Pen,win,106154,60184
2026-09-29,kalshi,Jordan Bardella,win,78645,26513
2026-09-29,kalshi,Éric Zemmour,win,3137,3136
2026-09-29,kalshi,Édouard Philippe,win,34561,13315
2026-09-29,kalshi,Raphaël Glucksmann,ballot,1920,1523
2026-09-29,kalshi,Olivier Faure,ballot,470,310
2026-09-29,kalshi,Nicolas Dupont-Aignan,ballot,108,88
2026-09-29,kalshi,Marine Tondelier,ballot,103,96
2026-09-29,kalshi,Marine Le Pen,ballot,60,37
2026-09-29,kalshi,Jean-Luc Mélenchon,ballot,6,6
2026-09-29,kalshi,Jordan Bardella,ballot,325,211
2026-09-29,kalshi,Gabriel Attal,ballot,4945,2783
2026-09-29,kalshi,Fabien Roussel,ballot,382,380
2026-09-29,kalshi,François Hollande,ballot,2077,2030
2026-09-29,kalshi,Éric Zemmour,ballot,4466,1333
2026-09-29,kalshi,Édouard Philippe,ballot,594,248
2026-09-29,kalshi,Dominique de Villepin,ballot,1735,1721
2026-09-29,kalshi,Bruno Retailleau,ballot,1691,917
