week,candidate,average,scenarios
2025-09-22,Bruno Retailleau,11.0,6
2025-09-22,Dominique de Villepin,4.8,6
2025-09-22,Fabien Roussel,3.9,6
2025-09-22,François Bayrou,3.0,1
2025-09-22,Gabriel Attal,10.0,1
2025-09-22,Gérald Darmanin,7.0,1
2025-09-22,Jean-Luc Mélenchon,12.7,6
2025-09-22,Jordan Bardella,34.2,5
2025-09-22,Marine Le Pen,33.0,1
2025-09-22,Nathalie Arthaud,1.2,6
2025-09-22,Nicolas Dupont-Aignan,2.2,6
2025-09-22,Olivier Faure,7.0,1
2025-09-22,Raphaël Glucksmann,15.2,5
2025-09-22,Édouard Philippe,17.0,3
2025-09-22,Éric Zemmour,4.5,6
2025-09-29,Bruno Retailleau,12.9,4
2025-09-29,Fabien Roussel,3.5,4
2025-09-29,Gabriel Attal,12.0,1
2025-09-29,Jean-Luc Mélenchon,14.8,4
2025-09-29,Jordan Bardella,30.3,3
2025-09-29,Marine Le Pen,30.5,1
2025-09-29,Marine Tondelier,7.5,1
2025-09-29,Nathalie Arthaud,1.2,4
2025-09-29,Nicolas Dupont-Aignan,3.9,4
2025-09-29,Olivier Faure,8.0,1
2025-09-29,Raphaël Glucksmann,15.0,2
2025-09-29,Édouard Philippe,18.0,3
2025-09-29,Éric Zemmour,5.5,4
2025-10-06,Bruno Retailleau,10.5,4
2025-10-06,Fabien Roussel,3.0,4
2025-10-06,Gabriel Attal,12.0,2
2025-10-06,Jean-Luc Mélenchon,14.0,4
2025-10-06,Jordan Bardella,35.0,2
2025-10-06,Marine Le Pen,34.0,2
2025-10-06,Marine Tondelier,3.0,4
2025-10-06,Nathalie Arthaud,1.0,4
2025-10-06,Nicolas Dupont-Aignan,1.2,4
2025-10-06,Raphaël Glucksmann,13.0,4
2025-10-06,Édouard Philippe,15.5,2
2025-10-06,Éric Zemmour,6.0,4
2025-10-27,Bruno Retailleau,8.2,3
2025-10-27,Dominique de Villepin,4.0,5
2025-10-27,Fabien Roussel,3.3,5
2025-10-27,François Hollande,6.5,1
2025-10-27,Gabriel Attal,12.5,1
2025-10-27,Gérald Darmanin,7.0,1
2025-10-27,Jean-Luc Mélenchon,12.3,5
2025-10-27,Jordan Bardella,36.0,4
2025-10-27,Laurent Wauquiez,3.0,1
2025-10-27,Marine Le Pen,34.0,1
2025-10-27,Marine Tondelier,5.0,5
2025-10-27,Nathalie Arthaud,1.2,5
2025-10-27,Nicolas Dupont-Aignan,2.2,5
2025-10-27,Olivier Faure,5.5,1
2025-10-27,Philippe de Villiers,4.5,1
2025-10-27,Raphaël Glucksmann,12.0,3
2025-10-27,Sarah Knafo,6.2,2
2025-10-27,Xavier Bertrand,5.5,1
2025-10-27,Édouard Philippe,18.0,3
2025-10-27,Éric Zemmour,5.2,2
2025-11-17,Bruno Retailleau,8.5,3
2025-11-17,Fabien Roussel,3.0,3
2025-11-17,Gabriel Attal,11.0,1
2025-11-17,Jean-Luc Mélenchon,11.7,3
2025-11-17,Jordan Bardella,35.8,3
2025-11-17,Marine Tondelier,5.8,3
2025-11-17,Nathalie Arthaud,1.0,2
2025-11-17,Nicolas Dupont-Aignan,2.3,3
2025-11-17,Raphaël Glucksmann,13.7,3
2025-11-17,Édouard Philippe,17.0,2
2025-11-17,Éric Zemmour,3.5,3
2026-02-02,Bruno Retailleau,3.0,1
2026-02-02,Dominique de Villepin,3.0,1
2026-02-02,Fabien Roussel,1.0,1
2026-02-02,François Ruffin,2.0,1
2026-02-02,Gabriel Attal,9.0,1
2026-02-02,Jean-Luc Mélenchon,25.0,1
2026-02-02,Jordan Bardella,27.0,1
2026-02-02,Marine Tondelier,6.0,1
2026-02-02,Nathalie Arthaud,1.0,1
2026-02-02,Nicolas Dupont-Aignan,1.0,1
2026-02-02,Raphaël Glucksmann,10.0,1
2026-02-02,Édouard Philippe,8.0,1
2026-02-02,Éric Zemmour,4.0,1
2026-02-23,Bruno Retailleau,12.2,9
2026-02-23,Dominique de Villepin,4.5,6
2026-02-23,Fabien Roussel,2.6,10
2026-02-23,François Hollande,8.0,1
2026-02-23,Gabriel Attal,10.5,2
2026-02-23,Gérald Darmanin,8.0,1
2026-02-23,Jean-Luc Mélenchon,10.8,10
2026-02-23,Jordan Bardella,36.6,8
2026-02-23,Marine Le Pen,34.5,2
2026-02-23,Marine Tondelier,4.5,10
2026-02-23,Nathalie Arthaud,1.8,10
2026-02-23,Nicolas Dupont-Aignan,2.6,10
2026-02-23,Olivier Faure,5.0,1
2026-02-23,Raphaël Glucksmann,12.2,8
2026-02-23,Sébastien Lecornu,6.0,1
2026-02-23,Édouard Philippe,18.4,5
2026-02-23,Éric Zemmour,4.0,10
2026-03-16,Bruno Retailleau,8.5,2
2026-03-16,Fabien Roussel,3.0,2
2026-03-16,Gabriel Attal,13.0,1
2026-03-16,Jean-Luc Mélenchon,11.0,2
2026-03-16,Jordan Bardella,35.5,2
2026-03-16,Marine Tondelier,4.5,2
2026-03-16,Nathalie Arthaud,1.0,2
2026-03-16,Nicolas Dupont-Aignan,2.0,2
2026-03-16,Raphaël Glucksmann,14.0,2
2026-03-16,Édouard Philippe,18.0,1
2026-03-16,Éric Zemmour,5.0,2
2026-03-23,Bruno Retailleau,10.1,10
2026-03-23,Dominique de Villepin,4.2,6
2026-03-23,Fabien Roussel,2.9,8
2026-03-23,François Hollande,10.8,3
2026-03-23,François Ruffin,8.0,1
2026-03-23,Gabriel Attal,14.2,3
2026-03-23,Gérald Darmanin,8.0,1
2026-03-23,Jean-Luc Mélenchon,12.5,12
2026-03-23,Jordan Bardella,37.1,10
2026-03-23,Marine Le Pen,32.8,2
2026-03-23,Marine Tondelier,4.6,7
2026-03-23,Nathalie Arthaud,0.9,12
2026-03-23,Nicolas Dupont-Aignan,2.4,8
2026-03-23,Olivier Faure,4.5,1
2026-03-23,Raphaël Glucksmann,12.2,8
2026-03-23,Sarah Knafo,4.6,9
2026-03-23,Sébastien Lecornu,6.5,1
2026-03-23,Édouard Philippe,21.7,7
2026-03-23,Éric Zemmour,3.3,3
2026-04-27,Bruno Retailleau,11.0,4
2026-04-27,Fabien Roussel,3.8,4
2026-04-27,Gabriel Attal,14.0,2
2026-04-27,Jean-Luc Mélenchon,12.2,4
2026-04-27,Jordan Bardella,34.5,2
2026-04-27,Marine Le Pen,32.5,2
2026-04-27,Marine Tondelier,4.0,4
2026-04-27,Nathalie Arthaud,1.0,4
2026-04-27,Nicolas Dupont-Aignan,1.2,4
2026-04-27,Raphaël Glucksmann,11.5,4
2026-04-27,Édouard Philippe,19.0,2
2026-04-27,Éric Zemmour,5.2,4
2026-05-18,Bruno Retailleau,9.0,1
2026-05-18,Fabien Roussel,2.5,1
2026-05-18,Jean-Luc Mélenchon,16.0,1
2026-05-18,Jordan Bardella,32.0,1
2026-05-18,Marine Tondelier,4.0,1
2026-05-18,Nathalie Arthaud,0.5,1
2026-05-18,Nicolas Dupont-Aignan,2.0,1
2026-05-18,Raphaël Glucksmann,11.0,1
2026-05-18,Édouard Philippe,17.0,1
2026-05-18,Éric Zemmour,6.0,1
2026-05-25,Bruno Retailleau,9.3,24
2026-05-25,Dominique de Villepin,2.6,4
2026-05-25,Fabien Roussel,3.5,22
2026-05-25,François Hollande,8.1,7
2026-05-25,François Ruffin,3.0,1
2026-05-25,Gabriel Attal,12.7,13
2026-05-25,Jean-Luc Mélenchon,13.6,24
2026-05-25,Jordan Bardella,34.2,18
2026-05-25,Marine Le Pen,31.8,6
2026-05-25,Marine Tondelier,3.9,22
2026-05-25,Nathalie Arthaud,0.9,24
2026-05-25,Nicolas Dupont-Aignan,1.9,24
2026-05-25,Olivier Faure,4.0,1
2026-05-25,Raphaël Glucksmann,11.0,16
2026-05-25,Édouard Philippe,17.4,17
2026-05-25,Éric Zemmour,4.3,24
2026-06-08,Bruno Retailleau,8.7,6
2026-06-08,Fabien Roussel,3.5,4
2026-06-08,Gabriel Attal,14.0,2
2026-06-08,Jean-Luc Mélenchon,14.0,6
2026-06-08,Jordan Bardella,34.0,3
2026-06-08,Marine Le Pen,34.0,3
2026-06-08,Marine Tondelier,4.5,4
2026-06-08,Nathalie Arthaud,1.0,6
2026-06-08,Nicolas Dupont-Aignan,2.0,6
2026-06-08,Raphaël Glucksmann,14.3,6
2026-06-08,Édouard Philippe,19.0,4
2026-06-08,Éric Zemmour,3.3,6
2026-06-22,Bruno Retailleau,10.4,8
2026-06-22,David Lisnard,2.0,1
2026-06-22,Fabien Roussel,2.8,6
2026-06-22,François Hollande,9.0,1
2026-06-22,Gabriel Attal,12.7,3
2026-06-22,Jean-Luc Mélenchon,13.2,8
2026-06-22,Jordan Bardella,36.2,6
2026-06-22,Marine Le Pen,32.0,2
2026-06-22,Marine Tondelier,3.3,6
2026-06-22,Nathalie Arthaud,0.9,8
2026-06-22,Nicolas Dupont-Aignan,2.4,8
2026-06-22,Raphaël Glucksmann,9.9,7
2026-06-22,Édouard Philippe,18.8,6
2026-06-22,Éric Zemmour,4.4,8
2026-07-06,Bruno Retailleau,8.7,18
2026-07-06,David Lisnard,4.1,1
2026-07-06,Dominique de Villepin,3.3,4
2026-07-06,Fabien Roussel,2.4,17
2026-07-06,François Hollande,7.2,6
2026-07-06,François Ruffin,5.3,3
2026-07-06,Gabriel Attal,11.7,11
2026-07-06,Jean-Luc Mélenchon,15.2,18
2026-07-06,Marine Le Pen,34.9,18
2026-07-06,Marine Tondelier,3.7,15
2026-07-06,Nathalie Arthaud,1.1,16
2026-07-06,Nicolas Dupont-Aignan,1.5,13
2026-07-06,Olivier Faure,0.9,1
2026-07-06,Raphaël Glucksmann,10.0,13
2026-07-06,Édouard Philippe,17.6,12
2026-07-06,Éric Zemmour,3.5,18
2026-07-20,Bruno Retailleau,8.8,2
2026-07-20,Dominique de Villepin,3.4,2
2026-07-20,Fabien Roussel,1.9,2
2026-07-20,Gabriel Attal,13.8,1
2026-07-20,Jean-Luc Mélenchon,18.2,2
2026-07-20,Marine Le Pen,30.0,2
2026-07-20,Marine Tondelier,3.0,2
2026-07-20,Nathalie Arthaud,0.9,2
2026-07-20,Nicolas Dupont-Aignan,3.6,2
2026-07-20,Raphaël Glucksmann,10.2,2
2026-07-20,Édouard Philippe,18.1,1
2026-07-20,Éric Zemmour,4.0,2
2026-08-17,Bruno Retailleau,7.6,5
2026-08-17,Fabien Roussel,2.6,5
2026-08-17,François Hollande,8.0,2
2026-08-17,Gabriel Attal,12.3,3
2026-08-17,Jean-Luc Mélenchon,16.8,5
2026-08-17,Marine Le Pen,36.0,5
2026-08-17,Marine Tondelier,3.4,5
2026-08-17,Nathalie Arthaud,1.0,5
2026-08-17,Nicolas Dupont-Aignan,2.2,5
2026-08-17,Raphaël Glucksmann,10.3,3
2026-08-17,Édouard Philippe,16.7,3
2026-08-17,Éric Zemmour,3.6,5
2026-08-24,Bruno Le Maire,6.0,1
2026-08-24,Bruno Retailleau,8.1,13
2026-08-24,David Lisnard,3.2,2
2026-08-24,Dominique de Villepin,2.3,3
2026-08-24,Fabien Roussel,3.3,10
2026-08-24,François Hollande,9.2,3
2026-08-24,François Ruffin,6.0,1
2026-08-24,Gabriel Attal,11.3,6
2026-08-24,Jean-Luc Mélenchon,16.0,13
2026-08-24,Marine Le Pen,34.0,13
2026-08-24,Marine Tondelier,3.3,8
2026-08-24,Nathalie Arthaud,1.3,13
2026-08-24,Nicolas Dupont-Aignan,2.2,13
2026-08-24,Olivier Faure,3.5,1
2026-08-24,Raphaël Glucksmann,14.0,9
2026-08-24,Édouard Philippe,18.0,8
2026-08-24,Éric Zemmour,3.6,13
2026-08-31,Bruno Retailleau,7.9,13
2026-08-31,David Lisnard,4.2,1
2026-08-31,Dominique de Villepin,3.6,3
2026-08-31,Fabien Roussel,2.6,13
2026-08-31,François Ruffin,3.9,1
2026-08-31,Gabriel Attal,10.8,8
2026-08-31,Jean-Luc Mélenchon,16.4,13
2026-08-31,Marine Le Pen,33.5,13
2026-08-31,Marine Tondelier,3.8,12
2026-08-31,Nathalie Arthaud,0.9,13
2026-08-31,Nicolas Dupont-Aignan,2.3,9
2026-08-31,Olivier Faure,4.8,3
2026-08-31,Raphaël Glucksmann,11.9,10
2026-08-31,Sébastien Bonnal,0.5,1
2026-08-31,Édouard Philippe,17.5,9
2026-08-31,Éric Zemmour,3.2,13
2026-09-07,Bruno Retailleau,8.4,17
2026-09-07,David Lisnard,2.0,3
2026-09-07,Fabien Roussel,2.6,17
2026-09-07,François Hollande,7.0,3
2026-09-07,Gabriel Attal,10.3,12
2026-09-07,Jean-Luc Mélenchon,16.2,17
2026-09-07,Karim Bouamrane,0.8,3
2026-09-07,Marine Le Pen,33.9,17
2026-09-07,Marine Tondelier,3.8,17
2026-09-07,Nathalie Arthaud,0.8,17
2026-09-07,Nicolas Dupont-Aignan,2.2,17
2026-09-07,Olivier Faure,5.0,3
2026-09-07,Raphaël Glucksmann,10.8,10
2026-09-07,Ségolène Royal,3.0,1
2026-09-07,Édouard Philippe,16.6,12
2026-09-07,Éric Zemmour,4.0,17
2026-09-14,Bruno Retailleau,8.2,3
2026-09-14,David Lisnard,5.2,1
2026-09-14,Fabien Roussel,2.5,3
2026-09-14,François Hollande,7.4,1
2026-09-14,Gabriel Attal,13.4,1
2026-09-14,Jean-Luc Mélenchon,19.5,3
2026-09-14,Marine Le Pen,30.7,3
2026-09-14,Marine Tondelier,2.7,3
2026-09-14,Nathalie Arthaud,0.5,3
2026-09-14,Nicolas Dupont-Aignan,3.5,3
2026-09-14,Raphaël Glucksmann,12.9,2
2026-09-14,Édouard Philippe,19.1,2
2026-09-14,Éric Zemmour,3.5,2
